Name,Email,Phone1,Phone2
John ,John123@gmail.com,3011276733,51413683
Eric,Eric345@gmail.com,807907572,7554296020
Doe,Doe234@gmail.com,2758705568,8319638244
Will,Will565@yahoo.com,8223003267,9299399335
Qery,Qery@email.com,6921864180,604475547
Sam,Sam87@yahoo.com,8449020590,6260260918
Mady,Mady8909@gmail.com,8106230888,183258841
Rev,Rev67@email.com,5397052241,7548905021
Zen,Zen675@gamil.com,967690217,5381557406
Harry ,harr678y@gmail.com,2334544554,23456789
